DATE,ATM Remaining Amount,Amount Added,ATM Amount Dispense, ,Number of Withdrawal,ATM FEE'S
2/1/2016,5700.00,,7360.00,,56.00,98.00
2/2/2016,3720.00,,1920.00,,18.00,31.50
2/3/2016,2160.00,,1440.00,,15,26.25
2/4/2016,3720.00,,2840.00,,26,45.50
2/5/2016,1100.00,,2620.00,,32,56.00
2/6/2016,5460.00,,1800.00,,21,36.75
2/7/2016,4480.00,,980.00,,14,24.50
2/8/2016,6160.00,,2820.00,,26,45.50
2/9/2016,3960.00,,2160.00,,23,40.25
2/10/2016,13480.00,,2480.00,,25,43.75
